{"cameraMode":{"drawMode":0,"name":"Shaded","section":"Shading Mode"},"sceneLighting":false,"audioPlay":false,"sceneViewState":{"showFog":false,"showMaterialUpdate":false,"showSkybox":false,"showFlares":false,"showImageEffects":false,"showParticleSystems":false},"in2DMode":false,"pivot":{"x":-7.548797607421875,"y":-11.479487419128418,"z":4.799883842468262},"rotation":{"x":0.3163609206676483,"y":-0.3148552179336548,"z":0.11219757795333862,"w":0.8878123164176941},"size":15.109648704528809,"orthographic":false}