{"cameraMode":{"drawMode":0,"name":"Shaded","section":"Shading Mode"},"sceneLighting":false,"audioPlay":false,"sceneViewState":{"showFog":false,"showMaterialUpdate":false,"showSkybox":false,"showFlares":false,"showImageEffects":false,"showParticleSystems":false},"in2DMode":false,"pivot":{"x":-11.026426315307618,"y":-13.322408676147461,"z":2.3774778842926027},"rotation":{"x":0.35634687542915347,"y":-0.47754421830177309,"z":0.22035427391529084,"w":0.7722892165184021},"size":14.458993911743164,"orthographic":false}