{"cameraMode":{"drawMode":0,"name":"Shaded","section":"Shading Mode"},"sceneLighting":true,"audioPlay":false,"sceneViewState":{"showFog":false,"showMaterialUpdate":false,"showSkybox":false,"showFlares":false,"showImageEffects":false,"showParticleSystems":false},"in2DMode":false,"pivot":{"x":-1.6310206651687623,"y":1.4576234817504883,"z":-2.1323907375335695},"rotation":{"x":0.0757485181093216,"y":-0.10064152628183365,"z":0.007682877127081156,"w":0.9920198917388916},"size":0.8660283088684082,"orthographic":false}