{"cameraMode":{"drawMode":0,"name":"Shaded","section":"Shading Mode"},"sceneLighting":false,"audioPlay":false,"sceneViewState":{"showFog":false,"showMaterialUpdate":false,"showSkybox":false,"showFlares":false,"showImageEffects":false,"showParticleSystems":false},"in2DMode":false,"pivot":{"x":-14.705924034118653,"y":-12.890239715576172,"z":-0.6184219121932983},"rotation":{"x":-0.27888497710227969,"y":0.6308870315551758,"z":-0.2604455053806305,"w":-0.6755671501159668},"size":14.282856941223145,"orthographic":false}