{"cameraMode":{"drawMode":0,"name":"Shaded","section":"Shading Mode"},"sceneLighting":false,"audioPlay":false,"sceneViewState":{"showFog":false,"showMaterialUpdate":false,"showSkybox":false,"showFlares":false,"showImageEffects":false,"showParticleSystems":false},"in2DMode":false,"pivot":{"x":-18.196483612060548,"y":-7.527882099151611,"z":-1.3084683418273926},"rotation":{"x":0.1941535472869873,"y":-0.6689241528511047,"z":0.187517911195755,"w":0.6926088333129883},"size":14.282856941223145,"orthographic":false}