{"cameraMode":{"drawMode":0,"name":"Shaded","section":"Shading Mode"},"sceneLighting":false,"audioPlay":false,"sceneViewState":{"showFog":false,"showMaterialUpdate":false,"showSkybox":false,"showFlares":false,"showImageEffects":false,"showParticleSystems":false},"in2DMode":false,"pivot":{"x":-13.543498039245606,"y":-8.538061141967774,"z":4.581484794616699},"rotation":{"x":0.25145089626312258,"y":-0.5698110461235046,"z":0.18871231377124787,"w":0.7592698335647583},"size":14.282856941223145,"orthographic":false}