{"cameraMode":{"drawMode":0,"name":"Shaded","section":"Shading Mode"},"sceneLighting":false,"audioPlay":false,"sceneViewState":{"showFog":false,"showMaterialUpdate":false,"showSkybox":false,"showFlares":false,"showImageEffects":false,"showParticleSystems":false},"in2DMode":false,"pivot":{"x":-12.147412300109864,"y":-12.508309364318848,"z":4.017228126525879},"rotation":{"x":0.33512812852859499,"y":-0.5141552090644836,"z":0.2279546558856964,"w":0.7559056878089905},"size":14.458993911743164,"orthographic":false}