{"cameraMode":{"drawMode":0,"name":"Shaded","section":"Shading Mode"},"sceneLighting":false,"audioPlay":false,"sceneViewState":{"showFog":false,"showMaterialUpdate":false,"showSkybox":false,"showFlares":false,"showImageEffects":false,"showParticleSystems":false},"in2DMode":false,"pivot":{"x":-14.138398170471192,"y":-11.037493705749512,"z":1.0837585926055909},"rotation":{"x":0.25932735204696658,"y":-0.6676360368728638,"z":0.2688429653644562,"w":0.6440189480781555},"size":14.282856941223145,"orthographic":false}