{"cameraMode":{"drawMode":0,"name":"Shaded","section":"Shading Mode"},"sceneLighting":false,"audioPlay":false,"sceneViewState":{"showFog":false,"showMaterialUpdate":false,"showSkybox":false,"showFlares":false,"showImageEffects":false,"showParticleSystems":false},"in2DMode":false,"pivot":{"x":-15.66333293914795,"y":-8.768600463867188,"z":2.1500043869018556},"rotation":{"x":0.2234134078025818,"y":-0.6298019289970398,"z":0.1960722804069519,"w":0.7176352739334106},"size":15.109648704528809,"orthographic":false}