{"cameraMode":{"drawMode":0,"name":"Shaded","section":"Shading Mode"},"sceneLighting":false,"audioPlay":false,"sceneViewState":{"showFog":false,"showMaterialUpdate":false,"showSkybox":false,"showFlares":false,"showImageEffects":false,"showParticleSystems":false},"in2DMode":false,"pivot":{"x":1.7150193452835084,"y":0.8589087724685669,"z":-6.652765274047852},"rotation":{"x":0.07297113537788391,"y":-0.5453587174415588,"z":0.047737933695316318,"w":0.8336580395698547},"size":0.8660253882408142,"orthographic":false}