{"cameraMode":{"drawMode":0,"name":"Shaded","section":"Shading Mode"},"sceneLighting":false,"audioPlay":false,"sceneViewState":{"showFog":false,"showMaterialUpdate":false,"showSkybox":false,"showFlares":false,"showImageEffects":false,"showParticleSystems":false},"in2DMode":false,"pivot":{"x":-10.971589088439942,"y":-14.37102222442627,"z":2.3929855823516847},"rotation":{"x":0.3288840055465698,"y":-0.6028342843055725,"z":0.299284964799881,"w":0.6624683737754822},"size":14.458993911743164,"orthographic":false}