{"cameraMode":{"drawMode":0,"name":"Shaded","section":"Shading Mode"},"sceneLighting":false,"audioPlay":false,"sceneViewState":{"showFog":false,"showMaterialUpdate":false,"showSkybox":false,"showFlares":false,"showImageEffects":false,"showParticleSystems":false},"in2DMode":false,"pivot":{"x":-1.5853497982025147,"y":0.260030061006546,"z":-3.7042396068573},"rotation":{"x":-0.17311395704746247,"y":0.2258784919977188,"z":-0.040821418166160586,"w":-0.9578031897544861},"size":5.086967945098877,"orthographic":false}