{"cameraMode":{"drawMode":0,"name":"Shaded","section":"Shading Mode"},"sceneLighting":false,"audioPlay":false,"sceneViewState":{"showFog":false,"showMaterialUpdate":false,"showSkybox":false,"showFlares":false,"showImageEffects":false,"showParticleSystems":false},"in2DMode":false,"pivot":{"x":-17.83259391784668,"y":-8.00635814666748,"z":2.353703498840332},"rotation":{"x":0.19366136193275453,"y":-0.6393992900848389,"z":0.1709936559200287,"w":0.7241787910461426},"size":14.282856941223145,"orthographic":false}